id_termino,titulo,definicion,tipo
telar-kogui,El telar kogui,"Entre los kogui de la Sierra Nevada de Santa Marta, el telar, además de ser un instrumento para tejer sus prendas, es un mapa que representa el cuerpo humano y la geografía de la Sierra.

El torso de un hombre con sus brazos cruzados forma la figura del telar. A su vez, las cuatro esquinas del telar representan las cuatro ciudades de las tierras bajas (Santa Marta, Riohacha, Fundación y Valledupar), mientras las cruces que se forman en su interior representan los picos nevados.

![Framework of a Kogi loom [Marco de un telar kogui] En: The Loom of Life: A Kogi Principle of Integration. G. Reichel-Dolmatoff, 1978](historia/1.3.3.1.jpg){md}
Framework of a Kogi loom [*Marco de un telar kogui*] En: The Loom of Life: A Kogi Principle of Integration. G. Reichel-Dolmatoff, 1978.

La forma del telar crea entonces un marco que sirve a los kogui para conceptualizar y representar la geografía, y este marco también se puede expresar en sus cuerpos.",
jorge-tadeo-lozano,Jorge Tadeo Lozano,"Jorge Tadeo Lozano nació en Bogotá en 1771, estudió en Europa y se interesó por la historia natural. Esto le permitió unirse a la Real Expedición Botánica en la Nueva Granada en 1803 como encargado del proyecto zoológico. Dada su posición social y económica, Lozano contaba con numerosas haciendas en diferentes climas, lo que le facilitó la recolección de animales para iniciar su trabajo. Como resultado escribió La Fauna Cundinamarquesa. También participó en la publicación de “Correo curioso, erudito, económico y mercantil de la ciudad de Santa Fe de Bogotá”. Su trabajo formó parte de un contexto en el cual la Corona española buscaba impulsar la economía de las colonias a través de expediciones científicas, que tuvo lugar en el marco de las dinámicas globales de la Ilustración.

Como parte de su trabajo administrativo en el imperio español, Lozano fue nombrado teniente protector de indios de Bosa, Fusagasugá y Usaquén en 1807. Con la consolidación del primer gobierno republicano, Lozano fue el primer presidente de Cundinamarca y de las Provincias Unidas de la Nueva Granada, hasta que en 1811 lo depuso un golpe de Estado encabezado por Antonio Nariño. Tras la reconquista, las fuerzas de Pablo Morillo fusilaron a Lozano el 6 de julio de 1816 en la actual Plaza de los Mártires por su participación en la política republicana.",entidad
sobre-la-reduccion-de-los-indios,Sobre la reducción de los indios,"**Ley primera. Que los indios sean reducidos a poblaciones.**

![Ley primera. Que los indios sean reducidos a poblaciones](historia/2.2.1.jpg){md}

> Con mucho cuidado, y particular atención se ha procurado siempre interponer los medios más convenientes, para que los indios sean instruidos en la Santa Fé Católica, y Ley Evangélica, y olvidando los errores de sus antiguos ritos, y ceremonias vivan en concierto y policía, y para que esto se ejecutase con mejor acierto se juntaron diversas veces los de nuestro Consejo de Indias, (...) los cuales con deseo de acertar en servicio de Dios, y nuestro, resolvieron, que los indios fuesen reducidos a Pueblos, y no viviesen divididos, y separados por las Sierras, y Montes, privándose de todo beneficio espiritual

Recopilación de Leyes de los Reinos de las Indias. Mandadas imprimir y publicar por la magestad católica del Rey don Carlos II. Libro VI, título III. Julián de Paredes, 1681. Cortesía de la Biblioteca Nacional de España, Madrid. [Ver documento completo](../../objects/obj27/)",fuente
sobre-que-en-cada-reduccion-haya-iglesia-con-puerta-y-llave,Sobre que en cada Reducción haya Iglesia con puerta y llave,"![Ley iiij: Que en cada Reducción haya Iglesia con puerta, y llave.](historia/2.2.2.jpg){sm}

**Ley iiij: Que en cada Reducción haya Iglesia con puerta, y llave.**

> “ En todas las Reducciones aunque los indios sean pocos, se ha de hacer Iglesia, donde se pueda decir Misa con decencia, y tenga puerta con llave, sin embargo de que sea sujeta a Parroquia y esté apartada de ella. “

Recopilación de Leyes de los Reinos de las Indias. Mandadas imprimir y publicar por la magestad católica del Rey don Carlos II. Libro VI, título III. Julián de Paredes, 1681. Cortesía de la Biblioteca Nacional de España, Madrid.  [Ver documento completo](../../objects/obj27/)",fuente
cacicazgo,Cacicazgo,"Los términos “cacique” y “cacicazgo” los empezaron a utilizar los españoles en el Caribe, al notar que este era el vocablo usado en arawak para referirse a sus autoridades étnicas. De ese momento en adelante, los españoles lo utilizaron como un término genérico para referirse a las autoridades indígenas a lo largo del imperio.

El término muisca para denominar a algunas de estas autoridades era psihipqua. Los caciques que lideraron las comunidades muiscas tras la conquista tuvieron que transformar su forma de gobernar en un contexto colonial en que se ponían cada vez más presiones a los indígenas.

Para fines del siglo XVI encontramos muchos caciques que se visten como españoles, utilizan el título de “don” y un nombre europeo (como don Francisco de Ubaque) y que financiaron pinturas murales, misas y celebraciones católicas.",
don-francisco,Don Francisco,"> A finales del siglo XVI el cacique de Ubaque se llamaba don Francisco. Don Francisco se concebía a sí mismo como un hombre cristiano. Como vestido portaba un traje azul con capa, un sombrero con plumas y una espada que colgaba de su cintura. De acuerdo con sus declaraciones, su arma y su caballo estaban preparados para enfrentar en cualquier momento un alzamiento de los indios. En su casa, los arreglos, las mesas y cama indicaban que comía y dormía como cualquier caballero español. Le gustaba leer y escribir, asistir a misa y aplicar los valores tocantes a la fe católica.

> Para comprar sus prendas europeas, don Francisco apareció frecuentemente como deudor de los mercaderes de Santafé y trató de vender a su encomendero las tierras en donde se hacían las mejores labranzas de su comunidad para cubrir sus deudas. En 1583 don Francisco se presentó ante la Real Audiencia de Santafé con una solicitud para transformar las costumbres de sucesión de los cacicazgos muiscas. Don Francisco quería que el rey Felipe II resolviera que no eran los sobrinos quienes debían heredar los cacicazgos (como sucedía de acuerdo con los criterios de parentesco matrilineales de las comunidades muiscas), sino que los debían heredar los hijos (como sucedía en las sociedades católicas). En su solicitud don Francisco se quejaba de las costumbres idólatras de sus súbditos e indicaba que se tenían que transformar, actitud que lo llevó a perder el apoyo de la comunidad.

> ""Yo soy casado ... según orden de la Santa Madre Iglesia con doña Beatriz, mi mujer, y de nuestro matrimonio tenemos un hijo legítimo y vivimos como los españoles, políticamente y en su traje, guardando espiritual y temporalmente todo aquello que guardan los cristianos, en ejemplo de todos los demás indios de esta tierra"" -- Don Francisco.

> Don Francisco ""es hombre ladino de nuestra lengua española, de muy buen trato y razón, y tal que en todo este Reino no ... conoce este testigo otro cacique que sea como es. ... Es muy amigo de españoles y cuando van por su pueblo y repartimiento los hospeda y reza, poniéndoles mesa al uso de españoles y dándoles de comer muy pulidamente como si verdaderamente fuera español."" -- Miguel de Espejo

> ""Los santuarios y figuras de los falsos dioses que sus antepasados tuvieron y adoraron, el dicho don Francisco los ha destruido, quebrado, quemado y asolado.""

> ""En tanto grado se ha señalado a imitar en las buenas costumbres de la gente española que los propios indios sus sujetos han disgustado de ello por decir que no ande a sus ritos y ceremonias como los caciques sus antepasados.""

Archivo General de Indias, Sevilla, Audiencia de Santa Fe 125, n. 10. [Ver documento completo](../../objects/obj25/)",entidad
sobre-los-cercados-indigenas,Sobre los cercados indígenas,"> “Las maneras de sus casas y edificios aunque son de madera y cubiertas de un feno largo que allá hay son de la más extraña hechura y labor que se ha visto, especialmente las de los caciques y hombres principales, porque son a manera de alcázares con muchas cercas alrededor, de la manera que acá suelen pintar el Laberinto de Troya, [y] tienen grandes patios las casas de muy grandes moldaduras de bulto y también pinturas por toda ella”.

Anónimo, “Epítome de la conquista del Nuevo Reino de Granada”.",fuente
sobre-los-indigenas-en-la-ciudad,Sobre los indígenas en la ciudad,"> “Habiendo entendido los desordenes y excesos que ha visto en esta ciudad de Santafé de Bogotá sobre que los indios e indias, ladinos, mulatos y mulatas que en ella viven no estén con amos a quien sirvan y por esta razón andan ociosos y vagabundos, de que resulta de ordinario en grandes daños e inconvenientes … nombraba y nombro s[eñ]or administrador de los d[ic]hos indios y mulatos.”

Archivo General de Indias (Sevilla), Audiencia de Santa Fe, Legajo 93, n. 16, ff. 500r-501r. [Ver documento completo](../../objects/obj44/)",fuente
sobre-el-repartimiento-de-encomiendas,Sobre el repartimiento de encomiendas,"**Ley primera. Que estando la tierra pacífica, el Gobernador reparta los Indios de ella.**

![Ley primera. Que estando la tierra pacífica, el Gobernador reparta los Indios de ella](historia/1.1.2.jpg){md}

> “Reparta los Indios entre los pobladores, para que cada uno se encargue de los que fueren de su repartimiento, y los defienda, y ampare, proveyendo Ministro, que les enseñe la Doctrina Cristiana, y administre los Sacramentos, guardando nuestro Patronazgo y enseñe a vivir en policía”

Recopilación de Leyes de los Reinos de las Indias. Mandadas imprimir y publicar por la magestad católica del Rey don Carlos II. Libro VI, título VII. Julián de Paredes, 1681. Cortesía de la Biblioteca Nacional de España, Madrid. [Ver documento completo](../../objects/obj5/)",fuente
pastos,Pastos,"Los pastos representados en la Pintura no son, probablemente, los mismos que cubren la Sabana de Bogotá hoy. Desde el siglo XVIII los ganaderos impulsaron la importación de pastos africanos que producían mejores rendimientos para la ganadería. Sin embargo, es posible que estos pastos empezaran a esparcirse en el Nuevo Mundo desde antes, pues se usaban para construir las camas en los barcos utilizados para el tráfico de esclavos.",
ganaderia,Ganadería,"La ganadería ha sido parte de un largo proceso de convivencia entre humanos y animales que conocemos como ""domesticación"". Aunque tradicionalmente se veía la domesticación como un proceso en que los humanos dominaban y subordinaban a otros animales, investigación reciente ha mostrado que este no es un proceso controlado enteramente por humanos y que muchos animales se fueron acercando y conviviendo con sociedades humanas por su propia iniciativa. En África y Eurasia la ganadería se practica desde hace por lo menos 6.000 años y en España se consolidó a lo largo del mundo antiguo y la Edad Media una cultura ganadera que hacía parte de una red de intercambios y conexiones con otras partes de Europa, el Medio Oriente y Asia. Esta ganadería, centrada en la cría de vacas, ovejas, cabras y cerdos, se apoyaba en la utilización de caballos y perros para el control del ganado que se mantenía disperso.

Las sociedades nativas del Nuevo Mundo contaban con varios animales domesticados, como los perros, el pavo y el pato, que se utilizaban como alimentación, participaban en rituales y eran intercambiados y pagados como tributo. En los Andes peruanos y bolivianos se practicaba la ganadería a partir de camélidos, como las llamas y las alpacas que se utilizaban como animales de carga y como fuente de lana. Estos fueron los únicos animales que se criaron en grandes manadas. Al ser introducidos al Nuevo Mundo, animales como las vacas, cerdos y ovejas florecieron y se adaptaron fácilmente a un entorno en que no contaban con muchos depredadores naturales y, junto con ellos, se propagaron otras especies menos deseadas, como la rata noruega. La población de estos diversos tipos de animales creció tanto que la historiadora Elinor Melville se refirió a la reproducción de ganado ovino en Mesoamérica como “La plaga de las ovejas”.",
sobre-la-alimentacion-indigena,Sobre la alimentación indígena,"> “Las comidas de esta gente son las de otras partes de Indias y algunas más porque su principal mantenimiento es el maíz y yuca, sin esto tienen otras dos o tres maneras de turmas de tierra que llaman yomas y otras a manera de nabos que llaman cubías que echan en sus guisados y les es de gran mantenimiento. Sal hay infinita porque se hace allí en la misma tierra de Bogotá de unos pozos que hay salados en aquella tierra a donde se hacen grandes panes de sal y en grande cantidad la cual va por contratación por muchas partes especialmente por las Sierras de Oppon a dar al Río Grande como ya está dicho. Las carnes que comen los indios en esta tierra son venados que hay infinidad, en tanta abundancia que los basta [para] mantener como acá los ganados. Así mismo, comen unos animales a manera de conejos de que también hay una gran cantidad que llaman ellos fucos y en Santa Marta y en la costa de mar también los hay y los llaman curies”.

Anónimo, “Epítome de la conquista del Nuevo Reino de Granada”, p. 112, 1536.",fuente
sobre-el-ganado-en-las-tierras-indigenas,Sobre el ganado en las tierras indígenas,"**Ley X. Que en la tierra que los indios labren no se metan ganados.**

![Ley X. Que en la tierra que los indios labren no se metan ganados](historia/3.3.1.jpg){md}

> Nuestras justicias no consientan, que en la tierra de labor de los indios se metan ganados, y hagan sacar de ellas lo que hubiere, imponiendo, y ejecutando graves penas contra los que contravinieren.

Recopilación de Leyes de los Reinos de las Indias. Mandadas imprimir y publicar por la magestad católica del Rey don Carlos II. Libro IV, título XVII. Julián de Paredes, 1681. Cortesía de la Biblioteca Nacional de España, Madrid. [Ver documento completo](../../objects/obj47/)",fuente
quejas-de-indigenas-por-danos-de-ganado-en-sus-cultivos,Quejas de indígenas por daños de ganado en sus cultivos,"> ""Aquí venimos ante vuestra merced a dar declaración [de] los trabajos y aniquilaciones que pasamos con nuestro pueblo que es en forma de daños de nuestra cementera. Está un vecino que es Agustín Vela con más de doscientas mulas y caballos, ganado vacuno y burros entre nuestro resguardo. Antes de recoger nuestra pobreza que es trigo y maíz y cebada y turmas hace entrar mulas mansas y zorreras [y] nos destruye [nuestras cosechas] teniendo muchas tierras que es desde la Puente de Boyacá a donde tiene muchos potreros a donde puede tener su hacienda sino maliciosamente y por engordar sus mulas con nuestro grano hace bajar todos los años en nuestra cementera haciendo menosprecio de los pobres porque está tan rico y poderoso nos tiene destruido y talado. Y después tener recogido y hecho montones [nuestros cultivos] los desbarata [con] sus mulas y ganado y como somos pobres y no saber hablar [español] nos tiene muy apurados. Cuando vamos avisar, dice “¿quién tasó los daños, quién los vio?” y sobre esto nos perrea [quiere decir: nos echa sus perros]"".

Archivo General de la Nación, Resguardos-Boyacá, 7, D.10, ff. 672-704. 1672. [Ver documento completo](../../objects/obj48/)",fuente
demanda-contra-corregidores,Demanda contra corregidores,"> En 1594, una autoridad indígena de Pausaga expresó la inconformidad que sentían ante las nuevas exigencias laborales: “[los índios ya no tributan] por acudir a pagar el salario y comida al corregidor (...) que no les administra justicia y fuera mejor lo que pagan al corregidor guardarlo para su demora por estar muy cargados y para pagar el quinto del rey nuestro señor y también acuden al alquiler general que les da muy excesivo trabajo donde ahogan muchos por los ríos que pasan y otros se mueren en la frialdad del páramo que pasan y en Santa Fe enferman y mueren muchos por el excesivo trabajo que padecen y por acudir a estos trabajos y demoras y salarios que pagan”.

AGN/B, Colonia, Visitas Cundinamarca, t. 8, f. 381r-v. [Ver documento completo](../../objects/obj51/)",fuente
lorenzo-requero,Petición de Lorenzo de Requero,"> “Lorenzo de Requero digo que yo nací en esta corte y a causa de ser mi madre natural de Ubatoque de la encomienda del capitán Antonio de Céspedes y parienta de los caciques me casé en el dicho repartimiento con Catalina Çimca india del dicho pueblo donde tenemos cuatro hijos y para sustentarlos tenemos en los resguardos que vuestra merced señaló más tierras en que sembramos y cultivamos que son tierras habidas y adquiridas por naturaleza que es en el sitio que llaman quosvita por abajo y arriba del y porque así criando ganados y haciendo en mi vecindad lo que debo me temo que seré inquietado por el encomendero u por el cacique o corregidor por decir que soy mestizo estando como yo estoy fuera del pueblo y en la tierra dicha donde voy plantando árboles frutíferos para con que sustentarme y pues yo vivo sin perjuicio y la dicha tierra es de mi mujer y de mis parientes y está dentro en el resguardo.

> Suplico a vuestra merced me mande dar mandamiento para que yo no sea inquietado ni molestado en razón de querer me echar de la dicha tierra pues es de mi mujer y de mis tíos y parientes y tengo en ella mi vivienda y estada y voy criando ganados y para ello firma

> Lorenzo Requero”",fuente
francisco-moreno-y-escandon,Sobre los vecinos en los pueblos de indios,"> “Altera asimismo el concepto de la numeración la duda que consulté a vuestra excelencia en carta fecha en el pueblo de Paipa a 22 de agosto sobre si los hijos cuyo padre o madre no son indios puros etán libres de tributo, pues son muy raros los indios puros, manifestándose a la vista sin necesidad de otra prueba haber degenerado la especie; y es preciso que así suceda porque casi no hay pueblo de indios donde no sea mayor el número de vecinos españoles o de gentes de color que se abrigan en las tierras de los resguardos y sus inmediaciones y si se declara la libertad apenas quedará pueblo ni ramo de tributos o a lo menos será muy corto su ingreso. En este punto he reflexionado antes de ahora que nada perdería su Majestad antes bien adelantaría mucho el gobierno si los indios se españolizasen y con su casta se borrase la memoria de su tributo y natural aversión que los domina. [...]

> De estos verdaderos principios inferirá vuestra excelencia el crítico estado de la población del distrito visitado y de todo el de esta Real Audiencia: después de la conquista fueron muchos los pueblos de indios y pocas las poblaciones de españoles éstos, a pesar de la prohibición de las leyes que se fueron mezclando con aquellos y de los hijos y descendientes mezclados con blacos, mestizos, negros, mulatos y sus diferentes propagaciones se ha formado el mayor número que actualmente se compone la población de que ha resultado convertirse los pueblos de indios en parroquias de españoles, esto es de vecinos, que no son indios puros, y ser muy difícil la absoluta separación que continuamente no se practica si no con los que les causan perjuicio manifiesto.” Francisco Antonio Moreno y Escandón, 1778.",fuente
leyes-para-la-disolucion-de-resguardos,Leyes para la disolución de resguardos,"**Decreto de 24 de septiembre de 1810**

> Artículo segundo. “Consiguiente a la referida igualación y ciudadanato concedido a los indios con restitución plena de sus derechos en cuyo goce van a entrar, se les repartirán en propiedad las tierras de sus resguardos distribuyéndoseles en cada pueblo según su justo valor y en suertes separadas con proporción a sus familias para que las disfruten aprovechándose de todas su producciones naturales e industriales, con la sola condición de que por ahora no puedan enajenar, donar o desprenderse por otra vía de la porción de tierra que les tocare en la distribución hasta que pasados veinte años hayan tomado apego al dominio y versándose en la administración de modo que no sea fácil engañarlos ni reducirlos valiéndose de su natural sencillez para despojarlos de su pertenencia territorial, sin que por esto se les prohiba que puedan disponer de sus tierras en beneficio de sus mismos hijos con arreglo a las leyes del reino, que puedan dotar a las hijas cuando tomaren estado, guardando la justa y debida proporción, sin perjudicar a su demás descendencia”.",fuente
constitucion-politica-de-colombia-1991,"Constitución Política de Colombia, 1991","> Artículo 21. Naturaleza jurídica. Los resguardos indígenas son propiedad colectiva de las comunidades indígenas en favor de las cuales se constituyen y conforme a los artículos 63 y 329 de la Constitución Política, tienen el carácter de inalienables, imprescriptibles e inembargables.

> Los resguardos son una institución legal y sociopolítica de carácter especial, conformada por una o más comunidades indígenas, que con un título de propiedad colectiva que goza de las garantías de la propiedad privada, poseen su territorio y se rigen para el manejo de éste y su vida interna por una organización autónoma amparada por el fuero indígena y su sistema normativo propio.",fuente
